INSERT INTO users (id, name, email, password_hash, role) VALUES 
(5, 'Student 5', 'student5@adssu.edu.ph', '.Ye4oKoEa3Ro9llC/.og/at2.uheWG/igi', 'student'),
(6, 'Student 6', 'student6@adssu.edu.ph', '.Ye4oKoEa3Ro9llC/.og/at2.uheWG/igi', 'student'),
(7, 'Student 7', 'student7@adssu.edu.ph', '.Ye4oKoEa3Ro9llC/.og/at2.uheWG/igi', 'student'),
(8, 'Student 8', 'student8@adssu.edu.ph', '.Ye4oKoEa3Ro9llC/.og/at2.uheWG/igi', 'student'),
(9, 'Student 9', 'student9@adssu.edu.ph', '.Ye4oKoEa3Ro9llC/.og/at2.uheWG/igi', 'student'),
(10, 'Student 10', 'student10@adssu.edu.ph', '.Ye4oKoEa3Ro9llC/.og/at2.uheWG/igi', 'student'),
(11, 'Student 11', 'student11@adssu.edu.ph', '.Ye4oKoEa3Ro9llC/.og/at2.uheWG/igi', 'student'),
(12, 'Student 12', 'student12@adssu.edu.ph', '.Ye4oKoEa3Ro9llC/.og/at2.uheWG/igi', 'student'),
(13, 'Student 13', 'student13@adssu.edu.ph', '.Ye4oKoEa3Ro9llC/.og/at2.uheWG/igi', 'student'),
(14, 'Student 14', 'student14@adssu.edu.ph', '.Ye4oKoEa3Ro9llC/.og/at2.uheWG/igi', 'student'),
(15, 'Student 15', 'student15@adssu.edu.ph', '.Ye4oKoEa3Ro9llC/.og/at2.uheWG/igi', 'student'),
(16, 'Student 16', 'student16@adssu.edu.ph', '.Ye4oKoEa3Ro9llC/.og/at2.uheWG/igi', 'student'),
(17, 'Student 17', 'student17@adssu.edu.ph', '.Ye4oKoEa3Ro9llC/.og/at2.uheWG/igi', 'student'),
(18, 'Student 18', 'student18@adssu.edu.ph', '.Ye4oKoEa3Ro9llC/.og/at2.uheWG/igi', 'student'),
(19, 'Student 19', 'student19@adssu.edu.ph', '.Ye4oKoEa3Ro9llC/.og/at2.uheWG/igi', 'student'),
(20, 'Student 20', 'student20@adssu.edu.ph', '.Ye4oKoEa3Ro9llC/.og/at2.uheWG/igi', 'student'),
(21, 'Student 21', 'student21@adssu.edu.ph', '.Ye4oKoEa3Ro9llC/.og/at2.uheWG/igi', 'student'),
(22, 'Student 22', 'student22@adssu.edu.ph', '.Ye4oKoEa3Ro9llC/.og/at2.uheWG/igi', 'student'),
(23, 'Student 23', 'student23@adssu.edu.ph', '.Ye4oKoEa3Ro9llC/.og/at2.uheWG/igi', 'student'),
(24, 'Student 24', 'student24@adssu.edu.ph', '.Ye4oKoEa3Ro9llC/.og/at2.uheWG/igi', 'student'),
(25, 'Student 25', 'student25@adssu.edu.ph', '.Ye4oKoEa3Ro9llC/.og/at2.uheWG/igi', 'student'),
(26, 'Student 26', 'student26@adssu.edu.ph', '.Ye4oKoEa3Ro9llC/.og/at2.uheWG/igi', 'student'),
(27, 'Student 27', 'student27@adssu.edu.ph', '.Ye4oKoEa3Ro9llC/.og/at2.uheWG/igi', 'student'),
(28, 'Student 28', 'student28@adssu.edu.ph', '.Ye4oKoEa3Ro9llC/.og/at2.uheWG/igi', 'student'),
(29, 'Student 29', 'student29@adssu.edu.ph', '.Ye4oKoEa3Ro9llC/.og/at2.uheWG/igi', 'student'),
(30, 'Student 30', 'student30@adssu.edu.ph', '.Ye4oKoEa3Ro9llC/.og/at2.uheWG/igi', 'student'),
(31, 'Student 31', 'student31@adssu.edu.ph', '.Ye4oKoEa3Ro9llC/.og/at2.uheWG/igi', 'student'),
(32, 'Student 32', 'student32@adssu.edu.ph', '.Ye4oKoEa3Ro9llC/.og/at2.uheWG/igi', 'student'),
(33, 'Student 33', 'student33@adssu.edu.ph', '.Ye4oKoEa3Ro9llC/.og/at2.uheWG/igi', 'student'),
(34, 'Student 34', 'student34@adssu.edu.ph', '.Ye4oKoEa3Ro9llC/.og/at2.uheWG/igi', 'student')
ON DUPLICATE KEY UPDATE email=VALUES(email);

INSERT INTO residents (user_id, student_id_number, course, year_level, income_bracket, is_indigenous) VALUES 
(5, '2026-0005', 'BS Accountancy', 3, 'High', 0),
(6, '2026-0006', 'BS Information Technology', 1, 'Middle', 1),
(7, '2026-0007', 'BS Engineering', 1, 'High', 0),
(8, '2026-0008', 'BS Engineering', 4, 'Low', 0),
(9, '2026-0009', 'BS Accountancy', 1, 'High', 1),
(10, '2026-0010', 'BA Communication', 3, 'High', 1),
(11, '2026-0011', 'BS Information Technology', 2, 'Middle', 1),
(12, '2026-0012', 'BA Communication', 3, 'Low', 0),
(13, '2026-0013', 'BS Accountancy', 4, 'Middle', 0),
(14, '2026-0014', 'BS Information Technology', 2, 'Low', 0),
(15, '2026-0015', 'BS Computer Science', 1, 'Low', 1),
(16, '2026-0016', 'BS Computer Science', 4, 'Low', 1),
(17, '2026-0017', 'BS Accountancy', 4, 'High', 1),
(18, '2026-0018', 'BS Information Technology', 2, 'Middle', 1),
(19, '2026-0019', 'BS Computer Science', 2, 'Low', 0),
(20, '2026-0020', 'BS Engineering', 1, 'Low', 1),
(21, '2026-0021', 'BA Communication', 3, 'High', 1),
(22, '2026-0022', 'BS Accountancy', 1, 'High', 1),
(23, '2026-0023', 'BS Accountancy', 1, 'High', 1),
(24, '2026-0024', 'BA Communication', 4, 'High', 0),
(25, '2026-0025', 'BS Accountancy', 2, 'Low', 0),
(26, '2026-0026', 'BS Information Technology', 2, 'Middle', 1),
(27, '2026-0027', 'BS Information Technology', 3, 'Middle', 0),
(28, '2026-0028', 'BS Computer Science', 4, 'Middle', 1),
(29, '2026-0029', 'BS Engineering', 1, 'High', 0),
(30, '2026-0030', 'BA Communication', 1, 'High', 0),
(31, '2026-0031', 'BS Engineering', 4, 'Low', 0),
(32, '2026-0032', 'BS Computer Science', 2, 'Middle', 1),
(33, '2026-0033', 'BS Information Technology', 2, 'Middle', 1),
(34, '2026-0034', 'BS Computer Science', 1, 'High', 0)
ON DUPLICATE KEY UPDATE student_id_number=VALUES(student_id_number);

INSERT INTO dorm_rooms (id, dorm_id, room_number, capacity, current_occupancy) VALUES 
(5, 1, 'M-105', 4, 0),
(6, 1, 'M-106', 4, 0),
(7, 1, 'M-107', 4, 0),
(8, 1, 'M-108', 4, 0),
(9, 1, 'M-109', 4, 0),
(10, 1, 'M-110', 4, 0),
(11, 1, 'M-111', 4, 0),
(12, 1, 'M-112', 4, 0),
(13, 1, 'M-113', 4, 0),
(14, 1, 'M-114', 4, 0),
(15, 2, 'F-115', 4, 0),
(16, 2, 'F-116', 4, 0),
(17, 2, 'F-117', 4, 0),
(18, 2, 'F-118', 4, 0),
(19, 2, 'F-119', 4, 0),
(20, 2, 'F-120', 4, 0),
(21, 2, 'F-121', 4, 0),
(22, 2, 'F-122', 4, 0),
(23, 2, 'F-123', 4, 0),
(24, 2, 'F-124', 4, 0)
ON DUPLICATE KEY UPDATE room_number=VALUES(room_number);

INSERT INTO payments (student_id, amount, description, status, due_date) VALUES 
(5, 1500.00, 'Dorm Monthly Fee - June 2026', 'Paid', '2026-06-15'),
(6, 1500.00, 'Dorm Monthly Fee - June 2026', 'Unpaid', '2026-06-15'),
(7, 1500.00, 'Dorm Monthly Fee - June 2026', 'Unpaid', '2026-06-15'),
(8, 1500.00, 'Dorm Monthly Fee - June 2026', 'Paid', '2026-06-15'),
(9, 1500.00, 'Dorm Monthly Fee - June 2026', 'Paid', '2026-06-15'),
(10, 1500.00, 'Dorm Monthly Fee - June 2026', 'Paid', '2026-06-15'),
(11, 1500.00, 'Dorm Monthly Fee - June 2026', 'Unpaid', '2026-06-15'),
(12, 1500.00, 'Dorm Monthly Fee - June 2026', 'Unpaid', '2026-06-15'),
(13, 1500.00, 'Dorm Monthly Fee - June 2026', 'Unpaid', '2026-06-15'),
(14, 1500.00, 'Dorm Monthly Fee - June 2026', 'Unpaid', '2026-06-15'),
(15, 1500.00, 'Dorm Monthly Fee - June 2026', 'Paid', '2026-06-15'),
(16, 1500.00, 'Dorm Monthly Fee - June 2026', 'Paid', '2026-06-15'),
(17, 1500.00, 'Dorm Monthly Fee - June 2026', 'Paid', '2026-06-15'),
(18, 1500.00, 'Dorm Monthly Fee - June 2026', 'Unpaid', '2026-06-15'),
(19, 1500.00, 'Dorm Monthly Fee - June 2026', 'Unpaid', '2026-06-15'),
(20, 1500.00, 'Dorm Monthly Fee - June 2026', 'Paid', '2026-06-15'),
(21, 1500.00, 'Dorm Monthly Fee - June 2026', 'Unpaid', '2026-06-15'),
(22, 1500.00, 'Dorm Monthly Fee - June 2026', 'Unpaid', '2026-06-15'),
(23, 1500.00, 'Dorm Monthly Fee - June 2026', 'Paid', '2026-06-15'),
(24, 1500.00, 'Dorm Monthly Fee - June 2026', 'Paid', '2026-06-15'),
(25, 1500.00, 'Dorm Monthly Fee - June 2026', 'Unpaid', '2026-06-15'),
(26, 1500.00, 'Dorm Monthly Fee - June 2026', 'Unpaid', '2026-06-15'),
(27, 1500.00, 'Dorm Monthly Fee - June 2026', 'Unpaid', '2026-06-15'),
(28, 1500.00, 'Dorm Monthly Fee - June 2026', 'Paid', '2026-06-15'),
(29, 1500.00, 'Dorm Monthly Fee - June 2026', 'Paid', '2026-06-15'),
(30, 1500.00, 'Dorm Monthly Fee - June 2026', 'Unpaid', '2026-06-15'),
(31, 1500.00, 'Dorm Monthly Fee - June 2026', 'Unpaid', '2026-06-15'),
(32, 1500.00, 'Dorm Monthly Fee - June 2026', 'Paid', '2026-06-15'),
(33, 1500.00, 'Dorm Monthly Fee - June 2026', 'Unpaid', '2026-06-15'),
(34, 1500.00, 'Dorm Monthly Fee - June 2026', 'Unpaid', '2026-06-15');
